country,Code,Year,Electric cars sold,Region,CO2 emissions from fuel combustion (MtCO2),Average CO2 emission factor (tCO2/toe),CO2 intensity at constant purchasing power parities (kCO2/$15p),Total energy production (Mtoe),Total energy consumption (Mtoe),Share of renewables in electricity production (%),Share of electricity in total final energy consumption (%),Oil products domestic consumption (Mt),Refined oil products production (Mt),Natural gas production (bcm),Natural gas domestic consumption (bcm),Energy intensity of GDP at constant purchasing power parities (koe/$15p),Electricity production (TWh),Electricity domestic consumption (TWh),Coal and lignite domestic consumption (Mt),Share of wind and solar in electricity production (%),Crude oil production (Mt),Coal and lignite production (Mt),Total energy consumption (EJ),Carbon Intensity (MtCO2 per EJ),Clean electricity share (%)
Australia,AUS,2012,250,Asia & Pacific,388.0039573,3.089401631,0.378422808,320.9505941,125.5919442,10.52958781,22.55320513,46.122,32.887,54.01700768,33.86396016,0.122490648,250.931,222.051,126.977,3.704604055,21.801,434.7,5.2582835197656,73.78909026900402,14.234191865
Australia,AUS,2013,290,Asia & Pacific,385.0416842,3.020200041,0.366071201,346.4443471,127.4888017,13.17640454,22.08553675,47.558,32.894,62.97496647,36.00199097,0.121207601,249.37,221.831,116.078,4.585956611,19.14,458.43,5.3377011495756,72.13623869343353,17.762361151
Australia,AUS,2014,1320,Asia & Pacific,375.331217,2.958720343,0.348023322,368.1846113,126.8559287,14.6271383,21.8664777,47.171,30.865,64.76798304,36.73004366,0.117626299,247.451,221.331,111.004,5.763969432,18.307,488.794,5.311204022811601,70.66782134294859,20.391107732000002
Australia,AUS,2015,1760,Asia & Pacific,380.822048,3.006401071,0.345538248,383.0184101,126.6704073,13.34208381,22.33875534,46.406,27.497,68.05597188,37.13402111,0.114934182,251.415,225.318,115.97,6.559274506,17.241,512.431,5.3034366128364,71.80665591029428,19.901358316
Australia,AUS,2016,1370,Asia & Pacific,390.7092137,3.0880179,0.344951918,387.1614962,126.524271,14.59602515,22.19368338,46.644,23.517,81.38499458,38.13496735,0.11170658,256.563,226.384,118.357,7.174845944,16.8,500.343,5.297318178228,73.75604042547728,21.770871094
Australia,AUS,2017,2300,Asia & Pacific,393.51012,3.083428133,0.33938936,405.6019214,127.62098,15.67893527,21.98724039,47.361239,22.670871,103.6130994,39.17405104,0.110068841,258.019,229.874,113.993,8.010507753,14.529712,499.467,5.343235190640001,73.6464156938722,23.689443023000003
Australia,AUS,2018,3600,Asia & Pacific,392.1192401,3.062758757,0.328529897,411.5424217,128.0281182,17.10051418,21.91466055,48.433927,22.962196,117.9458881,40.47196868,0.107266005,260.998,233.553,105.21,9.61424992,13.07153,485.09,5.3602812527976,73.15273613587867,26.714764100000004
Australia,AUS,2019,9200,Asia & Pacific,387.3162983,3.010423943,0.318639684,448.7037071,128.6583902,19.70336856,21.9632096,48.40408156,23.32946941,142.3954519,41.38212522,0.105845452,263.9679798,236.0824241,102.6313922,12.32986615,15.4634678,503.184,5.386669480893601,71.90274058466042,32.03323471
Australia,AUS,2020,6900,Asia & Pacific,371.7701422,2.948092919,0.313692389,443.4350522,126.1053001,22.97536903,22.01596851,46.51425401,20.99745146,153.6443991,40.05911276,0.106405191,256.5199222,229.3901339,98.81439898,15.25098098,18.23875823,473.2607938,5.2797767045868005,70.41398964411223,38.22635001
Belgium,BEL,2010,56,Europe,114.2312941,1.909489829,0.233862409,15.57240587,59.82293929,8.2467512,16.58904456,21.538,35.094,0.0,23.25280081,0.122473765,95.189,85.918,5.710894757,1.945602958,0.0,0.016,2.50466682219372,45.60738102481438,10.192354158
Belgium,BEL,2011,296,Europe,105.6152739,1.886810369,0.212620237,16.12204517,55.97556363,10.64261256,17.2000966,20.132,32.776,0.0,21.42711294,0.112687655,90.241,83.894,5.372574506,3.857448388,0.0,0.014,2.3435848980608402,45.06569144876705,14.500060948
Belgium,BEL,2012,910,Europe,99.15995112,1.853570595,0.198159795,14.18560109,53.49672214,14.18183134,17.2949427,20.147,34.828,0.0,18.73552379,0.106907067,82.923,84.416,5.10349367,5.907890453,0.0,0.02,2.23980076255752,44.271773086983885,20.089721793000002
Belgium,BEL,2013,560,Europe,100.21459,1.796622656,0.199351891,15.0578262,55.7794313,15.56990226,16.70404676,20.802,32.145,0.0,18.69104126,0.110959243,83.488,84.46,5.445394803,7.569950172,0.0,0.116,2.3353732296684,42.91159491206015,23.139852431999998
Belgium,BEL,2014,1950,Europe,93.48032128,1.776543083,0.183066006,12.71212965,52.6192256,18.49792143,17.05951167,20.75,35.25,0.0,16.50320694,0.103046196,72.646,82.691,5.202691091,10.33642596,0.0,0.126,2.2030617374208,42.432002559057025,28.83434739
Belgium,BEL,2015,3900,Europe,99.540696,1.896659615,0.191050608,10.74605467,52.48210866,22.36018618,16.74213379,21.139,35.203,0.0,18.51517797,0.100730045,69.825,83.162,5.062394716,12.37522377,0.0,0.106,2.1973209253768804,45.300936631697056,34.73540995
Belgium,BEL,2016,9200,Europe,96.33170828,1.732555601,0.182139212,15.40469369,55.60093324,18.02990223,16.69504295,20.798,33.631,0.0,17.68119574,0.105127485,85.813,83.681,4.706761481,9.95653339,0.0,0.107,2.32789987289232,41.38137958670525,27.98643562
Belgium,BEL,2017,14700,Europe,95.82353645,1.732960522,0.177688247,15.13488872,55.29470246,19.58559732,16.92190369,20.148052,35.2832,0.0,18.12290315,0.102534503,86.7755,83.8655,4.566684756,11.33015655,0.0,0.0903,2.31507860259528,41.39105097450196,30.915753870000003
Belgium,BEL,2018,13200,Europe,97.75548553,1.835990945,0.178665053,11.7556753,53.24399108,24.19095381,16.84079798,20.279082,34.0696,0.0,19.22324683,0.0973126,75.0946,84.3841,4.561951183,15.14875903,0.0335,0.1167,2.2292194185374403,43.85189035996107,39.339712840000004
Belgium,BEL,2019,17700,Europe,98.66724914,1.783898436,0.17783466,15.88163022,55.30990283,21.13508346,16.59416344,19.36715534,35.03958861,0.0,19.30607888,0.099688781,93.82395507,83.02553664,4.481862163,14.32536873,0.0335,0.099401703,2.3157150116864402,42.60768213794351,35.46045219
Belgium,BEL,2020,47000,Europe,90.67457273,1.765307071,0.174231256,13.86080896,51.36475927,27.19453327,17.01788894,18.20734434,27.44331138,0.0,19.42619047,0.098697422,91.01072333,81.72211905,3.6123981,19.99747299,0.0335,0.084824619,2.15053974111636,42.1636350151475,47.19200626
Brazil,BRA,2012,40,South/Latin America,429.8540442,1.52699309,0.142377732,251.3890044,281.5035949,82.52211268,17.74015987,115.8,105.348,19.70998171,33.07699332,0.093240587,552.624,492.256,25.48357711,0.913822056,108.863,6.616,11.7859925112732,36.47160337059847,83.43593473600001
Brazil,BRA,2013,72,South/Latin America,461.6342685,1.569479751,0.148443585,252.9936603,294.132032,76.75355193,18.00065167,119.815,112.34,21.76998917,38.76597353,0.094581396,571.098,508.512,27.97245604,1.152866934,106.635,8.594,12.314719915776,37.48637984925787,77.906418864
Brazil,BRA,2015,89,South/Latin America,462.7901342,1.556263102,0.153512245,278.2773527,297.3726831,74.07762717,18.22663593,115.171,108.11,24.10597337,42.06598301,0.098641576,581.652,514.399,29.76143923,3.728174235,127.329,8.029,12.450399496030801,37.170705594429954,77.805801405
Brazil,BRA,2016,177,South/Latin America,429.7285573,1.499126737,0.147373204,285.1857458,286.652587,80.39883294,18.56405739,109.594,100.845,24.35097678,36.13203671,0.098306034,578.889,513.854,26.74317185,5.799557428,131.91,7.005,12.001570512516,35.80602695720962,86.198390368
Brazil,BRA,2017,430,South/Latin America,436.4368661,1.494909391,0.147719646,294.4493473,291.9487086,79.17373984,18.45435737,110.578372,97.520685,27.5468523,38.46795295,0.098815117,589.401381,520.29717,27.30787591,7.330318759,137.781375,4.818874,12.2233085316648,35.705297380770425,86.50405859899999
Brazil,BRA,2018,410,South/Latin America,411.1259363,1.427227834,0.137343599,296.8120083,288.0590796,82.28162216,19.11719162,103.703355,94.991288,24.76711307,35.50621318,0.096231026,601.371158,530.582039,26.46044233,8.636359478,135.693255,4.837541,12.0604575446928,34.088751175192,90.917981638
Brazil,BRA,2019,1940,South/Latin America,413.0677743,1.411197034,0.136440969,312.1507204,292.7073714,82.22933148,19.18287144,104.84877,95.123681,25.93593143,35.79308748,0.096684564,626.33494,538.014256,25.48955472,10.00107083,145.609133,5.409671,12.255072225775201,33.70586208633064,92.23040231
Brazil,BRA,2020,2600,South/Latin America,385.4370893,1.346575429,0.133173892,323.9868096,286.2350531,84.1006446,19.13704886,100.3192547,97.75725234,23.84824885,33.08496724,0.098898204,613.9769478,529.5056301,22.5454336,10.60427988,155.9791111,5.549466109,11.984089203190802,32.162401561344865,94.70492447999999
Canada,CAN,2011,520,North America,558.5376228,1.338528562,0.242507798,414.2859808,267.2789835,62.48397588,21.87651455,103.81,93.97,157.7369613,107.5090828,0.181174914,633.42,529.907,48.531,2.102870134,174.218,67.507,11.190436481178,49.91204978817802,64.586846014
Canada,CAN,2012,1920,North America,559.8696908,1.3178883,0.236494982,427.9377999,269.3995687,63.64487785,21.64016948,106.46,96.667,156.2821535,106.6410771,0.179449945,632.098,527.178,44.354,2.368145446,187.575,66.583,11.2792211423316,49.63726517416837,66.013023296
Canada,CAN,2013,3100,North America,567.9916117,1.286006297,0.230154494,448.770332,274.93729,64.06647458,21.95484821,104.707,94.715,157.456036,111.4100422,0.178968404,657.695,538.891,42.84,3.35596287,200.228,70.147,11.511074457720001,49.343057747235015,67.42243745
Canada,CAN,2014,5100,North America,570.1896729,1.225613069,0.218725356,470.0167147,282.0234654,63.15194258,22.21062314,102.623,91.308,164.102,115.5810656,0.178461997,658.762,546.964,42.07,4.088730072,215.668,67.445,11.807758449367201,48.289408641363046,67.240672652
Canada,CAN,2015,6800,North America,570.1871903,1.216036539,0.216245051,473.4099485,282.9599601,64.03234926,22.13310446,104.977,90.317,164.9660677,114.9399208,0.177827757,657.944,544.898,38.848,4.561634425,221.992,62.344,11.8469676094668,48.1293786812052,68.593983685
Canada,CAN,2016,11600,North America,561.1042091,1.192588119,0.212974438,479.9925653,287.3055972,64.80111719,22.21495271,105.415,92.055,176.9780682,112.0890919,0.17858172,663.808,540.773,38.804,5.296561656,220.847,59.26,12.028910743569602,46.64630248420077,70.097678846
Canada,CAN,2017,16700,North America,572.0248493,1.17814925,0.209899116,509.428902,295.1645683,66.5436851,22.56147062,104.964,96.275,181.0580067,114.4149788,0.178160039,662.972,560.514,38.961,5.323754246,243.678,61.709,12.3579501455844,46.288004285596614,71.867439346
Canada,CAN,2018,44000,North America,582.0598816,1.149811992,0.20302299,530.1784044,298.0805246,66.26095089,22.35468493,107.7296,93.749,183.228055,121.8099013,0.176570598,654.399,571.994,31.842,5.685980571,261.607,60.287,12.480035403952801,46.63928128085632,71.946931461
Canada,CAN,2019,51000,North America,579.5568255,1.123094106,0.197063,527.3517282,301.1183168,65.98415062,22.56463819,105.4665234,102.2486418,176.0865907,122.8654782,0.17546437,653.2972998,575.4606523,30.62668345,5.903303391,266.9553547,57.19646313,12.6072216877824,45.97022562565436,71.88745401099999
Canada,CAN,2020,51000,North America,515.5687575,1.016767106,0.175872003,504.3304092,280.8113064,67.72302974,24.03373474,89.22336964,90.50037874,172.0118963,117.1584597,0.172971767,648.3592052,555.8402012,27.85305378,6.527576659,254.9965378,45.22610822,11.7570077763552,43.8520384869416,74.250606399
Chile,CHL,2014,19,South/Latin America,76.6938983,2.207001964,0.192452516,12.38030735,34.75026282,42.89429423,23.19238638,14.41,9.469,0.789999105,4.077002547,0.087200881,70.753,67.836,10.86,2.717905955,0.413,4.164,1.4549240037477602,52.71333629965761,45.612200185
Chile,CHL,2015,36,South/Latin America,81.49542814,2.294668676,0.199896136,12.08410451,35.51511771,43.60433496,23.05394469,14.326,9.603,1.006000941,4.391995725,0.087113289,75.387,67.647,12.07403161,4.478225689,0.282,3.143,1.48694694828228,54.80721974253585,48.082560649
Chile,CHL,2016,31,South/Latin America,86.11743822,2.277378697,0.207762482,12.54654648,37.81428111,43.27306199,22.8811053,15.32,9.393,1.204999859,4.791003938,0.091228781,79.308,70.83,12.711,6.415494023,0.244,2.525,1.5832083215134802,54.39425567045742,49.688556013
Chile,CHL,2017,135,South/Latin America,86.93714768,2.264641868,0.207090997,13.02189557,38.38891654,43.91575066,22.46444385,15.427461,9.615765,1.225607547,5.024084702,0.091445363,79.41665,70.350288,13.02954497,9.443206179,0.323655,2.425,1.60726715769672,54.09004176044044,53.358956839
Chile,CHL,2018,198,South/Latin America,86.81424692,2.222498107,0.198797335,13.62817501,39.06156169,46.25691072,22.63366333,15.643847,9.68069,1.249487176,5.299402259,0.089447696,82.312704,73.716051,12.32715597,10.95794156,0.3777,2.256655,1.63542946483692,53.08345531652559,57.21485228
Chile,CHL,2019,305,South/Latin America,85.25273096,2.149369119,0.193288708,13.49215229,39.66407176,46.00486539,23.01956141,15.4985881,10.08611451,1.526297868,5.586284427,0.089928113,83.63158359,74.89718818,12.0423311,13.76965321,0.409607645,1.426831,1.66065535644768,51.336799432222186,59.7745186
Chile,CHL,2020,239,South/Latin America,79.62703976,2.103049226,0.191243534,13.18212417,37.86266093,48.17795827,24.6659796,14.157521,8.01186114,1.222782635,5.226413945,0.090936309,84.28364744,75.48115116,11.58752173,16.17243666,0.311508335,0.909784715,1.58523388781724,50.23046780159429,64.35039493
China,CHN,2010,1440,Asia & Pacific,7798.131052,3.074514744,0.642741509,2236.15824,2536.377835,18.83147144,16.9313488,400.537,400.934,95.79098919,125.1379752,0.209054619,4207.993,3625.524,3349.515749,1.08020617,203.819,3316.101,106.19306719578,73.43352309076057,19.91167761
China,CHN,2011,5120,Asia & Pacific,8488.02207,3.117610083,0.638610879,2385.818419,2722.605408,16.9541671,17.86814005,419.309,415.998,105.3370065,131.2731499,0.204839881,4715.761,4051.605,3694.925201,1.549548419,204.119,3608.201,113.990043222144,74.4628375432627,18.503715519
China,CHN,2012,9860,Asia & Pacific,8748.967277,3.101715674,0.610277964,2401.488991,2820.686419,20.11549756,18.38035913,438.233,439.87,110.6079988,147.2430268,0.196754967,4994.045,4326.079,3831.552707,2.051843746,208.823,3677.589,118.09649899069201,74.08320612188145,22.167341306
China,CHN,2013,15730,Asia & Pacific,9161.181904,3.14641104,0.592966421,2467.34671,2911.629087,20.45249646,19.31034912,461.197,459.696,120.8600087,167.4748658,0.188458028,5447.247,4717.568,3970.175482,2.878646773,211.508,3748.53,121.904086614516,75.15073660302632,23.331143233
China,CHN,2014,73000,Asia & Pacific,9082.943498,3.062404039,0.547907735,2507.263199,2965.952037,22.78903916,19.82071526,476.337,485.061,130.1569957,184.3201159,0.178914254,5678.945,4938.623,3837.433898,3.265395245,213.567,3640.167,124.178479885116,73.14426385637114,26.054434405000002
China,CHN,2015,211000,Asia & Pacific,9076.666647,3.031900865,0.512162646,2515.699481,2993.721448,24.12619474,20.16244054,507.199,510.519,134.6100023,191.8011657,0.168924602,5859.515,5103.446,3769.828197,3.937322458,216.759,3563.165,125.34112958486399,72.4157080525951,28.063517198
China,CHN,2016,339000,Asia & Pacific,9032.770953,3.034029692,0.477517005,2363.350621,2977.153116,25.2594779,21.27175969,522.906,533.908,136.8649919,207.8940176,0.157387057,6217.967,5407.407,3717.984537,5.026594705,203.04,3268.207,124.647446660688,72.46655422945622,30.286072605
China,CHN,2017,580000,Asia & Pacific,9185.718136,2.992001553,0.454867143,2455.328075,3070.091366,25.55585047,22.4904903,546.0976,564.259645,148.035,237.793253,0.15202771,6635.480189,5784.302111,3750.395528,6.427317735,196.102743,3397.1937,128.53858531168802,71.46272937208639,31.983168205
China,CHN,2018,1090000,Asia & Pacific,9345.788853,2.919439892,0.434274955,2567.94763,3201.226673,25.97956849,23.86104533,568.874662,599.214351,161.6917359,279.6317152,0.148752833,7181.800981,6268.868969,3769.500832,7.562674188,195.160985,3549.048133,134.028958345164,69.72962386928236,33.542242678
China,CHN,2019,1060000,Asia & Pacific,9561.89056,2.889407584,0.418732117,2685.956155,3309.291016,27.02464767,24.23521768,606.2130073,639.9607392,177.538,303.6800427,0.144919713,7519.345627,6549.124927,3807.19584,8.439598704,197.817925,3691.010058,138.553396257888,69.01231451737604,35.464246374
China,CHN,2020,1140000,Asia & Pacific,9716.772478,2.873595138,0.417990835,2749.04658,3381.399262,28.39562093,24.58500536,628.6900832,648.3808957,194.936724,325.5450057,0.145459195,7797.561415,6752.1478,3830.039015,9.59049836,200.9830118,3742.684199,141.572424301416,68.63464072150394,37.98611929
France,FRA,2010,272,Europe,356.443084,1.356225984,0.137961641,135.6081475,262.8198311,14.5810205,23.64261151,75.111,71.095,0.77699933,48.19805801,0.101724671,569.288,471.791,17.65872506,1.963153975,1.169,0.872,11.0037406884948,32.39290111340836,16.544174475
France,FRA,2011,2656,Europe,339.4614687,1.315583492,0.128569741,136.5771385,258.0311099,12.41026607,23.72638571,75.305,71.937,0.562999474,41.20601054,0.097728302,573.501,442.472,16.26035986,2.753438965,1.124,0.617,10.803246509293201,31.42217188212705,15.163705035
France,FRA,2012,6360,Europe,344.7748394,1.337298839,0.130174538,135.3686379,257.8143563,15.7399905,24.11800576,73.769,61.434,0.502999428,42.57202518,0.097341398,572.656,456.879,17.95810088,3.644421782,1.022,0.452,10.7941714695684,31.940834029921675,19.384412282
France,FRA,2013,9750,Europe,345.062706,1.33364067,0.129536672,136.9682381,258.7373898,17.93880804,24.12728131,72.397,58.174,0.322000368,43.2419935,0.097130115,582.168,461.615,18.8178689,3.88770939,1.079,0.422,10.832817036146402,31.853460170942796,21.826517430000003
France,FRA,2014,13100,Europe,313.9103029,1.261749604,0.116725934,138.3407579,248.7896979,17.42512899,24.18502057,71.157,58.297,0.013999986,36.31299913,0.092511172,572.518,435.846,14.28321905,4.365277598,1.048,0.277,10.4163270716772,30.136371557835044,21.790406588
France,FRA,2015,23800,Europe,319.9366889,1.266609019,0.117657391,139.2007276,252.5930923,16.70120561,24.36656474,71.097,60.242,0.020999976,39.04098141,0.092891642,579.539,445.248,13.80440029,5.257454632,1.063,0.147,10.5755675884164,30.252436687221604,21.958660242
France,FRA,2016,30600,Europe,321.0363285,1.295131773,0.116782476,131.5007954,247.8792778,18.40853339,24.51985866,69.783,59.365,0.02,42.67197801,0.090170343,564.184,453.54,13.06380598,5.530642485,0.992,0.261,10.3782096029304,30.93369095275855,23.939175875
France,FRA,2017,38000,Europe,325.4267242,1.314909276,0.115763077,129.4498455,247.4898689,17.3954326,24.31055822,70.356007,59.348,0.01575599,42.91400745,0.088038832,561.930009,449.856576,14.81900324,6.329732784,0.964,0.149,10.3619058311052,31.406068488203005,23.725165384
France,FRA,2018,48000,Europe,320.323881,1.300537749,0.112015721,135.4140487,246.3011022,20.39771503,24.79269766,67.659319,55.638585,0.008632004,40.97349243,0.086130311,581.9428,447.87832,13.00922184,6.949880469,0.912907,0.29,10.3121345469096,31.062810472735393,27.347595499
France,FRA,2019,64000,Europe,311.4924108,1.282980342,0.107308119,131.9311612,242.7881399,20.56353266,24.75625979,67.63181499,50.842439,0.015985886,41.76129382,0.083639722,570.9989363,443.8247769,10.20310623,8.369261556,0.964627,0.313,10.1650538413332,30.643459017738575,28.932794215999998
France,FRA,2020,185000,Europe,272.0919325,1.254494918,0.102107606,120.4628929,216.8936108,24.30269876,26.04362421,57.86313855,36.6154834,0.027134862,38.69927194,0.0813934,532.5268704,423.6549887,8.25666197,10.28519355,0.912047751,0.3,9.0809016969744,29.963096350955578,34.58789231
Germany,DEU,2011,1640,Europe,751.9052497,1.817301249,0.152971946,125.0688714,312.5947264,21.18302527,19.96712888,97.93,99.768,14.82901306,85.80190781,0.084175338,613.123,539.891,236.3357642,11.67400342,3.913,189.462,13.087716004915201,57.451219862779396,32.85702869
Germany,DEU,2012,3400,Europe,768.2544927,1.853647837,0.156520154,126.2011635,314.8894378,23.73622106,19.65869495,97.698,100.71,13.08798495,85.99690731,0.084438992,628.314,538.206,247.2871486,12.71720827,3.795,196.99,13.1837909818104,58.272654182697245,36.45342933
Germany,DEU,2013,6800,Europe,788.4600718,1.863521224,0.160025854,123.6633182,321.6079182,24.75696766,19.13246474,99.66,97.904,12.21998359,87.65395672,0.085872837,638.701,536.44,247.1645256,13.40094974,3.773,190.956,13.4650803191976,58.55591300676217,38.1579174
Germany,DEU,2014,13500,Europe,749.6621538,1.877119164,0.150734526,120.6790538,307.4339763,26.82086504,19.65668554,96.876,96.728,9.469012903,79.17702386,0.080300989,627.806,524.826,239.2858464,15.39870597,3.496,186.515,12.8716457197284,58.24136012778779,42.21957101
Germany,DEU,2015,23000,Europe,754.5447115,1.869363957,0.148286289,120.0722261,308.9788587,30.03305523,19.49398856,96.813,99.215,8.729997452,81.34897162,0.079324461,648.309,528.35,239.3044547,18.71129353,3.629,184.714,12.9363268560516,58.32758555779879,48.744348759999994
Germany,DEU,2016,24000,Europe,761.5407475,1.831862237,0.142696849,115.2853515,310.1855525,30.01926362,19.30810429,96.913,100.24,9.032999084,89.26581619,0.077897151,650.449,530.551,231.4021209,18.4618625,3.701,175.625,12.98684871207,58.63937929701319,48.48112612
Germany,DEU,2017,54000,Europe,746.0450272,1.766000938,0.134684951,114.8551221,311.174362,34.00951167,19.13594962,98.58,101.872,8.247513086,90.88326563,0.076265504,653.723,531.318,222.24,22.48016362,3.661,175.122,13.028248188215999,57.26364868262142,56.48967529
Germany,DEU,2018,67000,Europe,726.0376327,1.750284304,0.127680284,111.7997175,302.1860207,35.90651767,19.19474775,93.479,96.664,6.509306894,91.89444309,0.072948311,643.159,523.4629729,215.711,24.48539164,3.64,169.019,12.6519243146676,57.38554979010519,60.39190931
Germany,DEU,2019,108000,Europe,678.0650225,1.623169712,0.114611536,102.6181882,294.1217891,40.48816777,18.65691859,95.47804175,96.37107879,6.611888856,94.89819819,0.070609706,612.0754803,512.2679445,168.3148076,28.11099733,3.340240837,127.1432542,12.3142910660388,55.06326095945665,68.5991651
Germany,DEU,2020,390000,Europe,616.9915188,1.536435977,0.107295343,95.50225364,275.4730911,44.53262232,18.75441884,86.80189722,91.60627227,5.580167944,92.60536869,0.069833918,572.488509,489.0156303,138.4067289,32.09321936,3.238802027,104.595682,11.5335073781748,53.49556718258589,76.62584168000001
India,IND,2019,687,Asia & Pacific,2319.073514,2.466159236,0.251101828,577.5248391,940.3583841,21.11007279,16.20351021,229.1024126,261.1934159,30.85452355,63.47479466,0.101818984,1596.89829,1218.458531,1013.294392,7.373522563,37.574897,768.999261,39.370924825498804,58.90320139236452,28.483595353
India,IND,2020,3143,Asia & Pacific,2191.260453,2.41246175,0.256223154,590.2474861,908.3088892,22.51975359,16.31532809,206.2614078,231.6010099,27.30771921,62.5817824,0.106208173,1557.096633,1190.732074,975.7556737,8.230899093,35.37025786,778.5337798,38.0290765730256,57.62065899213242,30.750652683
Italy,ITA,2013,1040,Europe,343.7029425,2.208934678,0.154520805,36.97419842,155.5966982,39.30546881,20.2781471,53.277,69.628,7.734992822,70.06902887,0.069952637,289.807,297.289,21.632,14.80226496,5.913,0.117,6.5145225602376,52.7594983856291,54.10773377
Italy,ITA,2014,1340,Europe,328.1316446,2.232728524,0.147527022,36.89005428,146.9644164,43.73773796,20.59608263,53.646,66.337,7.149002625,61.91199475,0.066074769,279.827,291.085,21.292,15.74580008,6.13,0.072,6.153106185835201,53.32780463879815,59.48353804
Italy,ITA,2015,2240,Europe,335.9638444,2.199370379,0.149881819,36.28955934,152.7545554,38.98930362,20.63557751,54.153,73.935,6.770997375,67.52301837,0.068147603,282.993,297.18,19.974,15.74809271,5.83,0.101,6.3955277254872,52.53105901818398,54.73739633
Italy,ITA,2016,2700,Europe,333.0611768,2.203043455,0.146709469,33.7216566,151.1823001,37.90894785,20.66608035,52.076,71.361,5.78499794,70.91501312,0.066593997,289.768,295.509,17.755,16.15706358,4.066,0.092,6.3297005405868,52.618788940230544,54.066011429999996
Italy,ITA,2017,4900,Europe,329.2320385,2.142912807,0.142575937,34.20789216,153.637627,35.73796237,20.97296389,51.567726,74.946193,5.538352992,75.16018748,0.066533709,295.830011,301.880515,15.53661462,16.55740465,4.498,0.08,6.432500167236001,51.18259307274431,52.29536702
Italy,ITA,2018,9700,Europe,323.955335,2.146174223,0.139212848,35.02643197,150.9454971,40.08547483,21.05062136,51.813485,71.741137,5.447975013,72.69490639,0.064865586,289.708433,303.44297,14.283772,16.24973685,5.24276,0.073,6.319786072582801,51.26049066841346,56.33521168
Italy,ITA,2019,17500,Europe,317.3631967,2.126033608,0.135970746,34.3520842,149.2747789,39.93116046,21.14849081,51.55370932,70.54118685,4.856434827,74.35246645,0.063955125,291.6197039,301.6654435,10.02290158,17.29785371,4.7259256,0.086,6.249836442985201,50.77944032538765,57.22901417
Italy,ITA,2020,60000,Europe,275.7545824,2.010781203,0.129686055,35.40870653,137.1380347,42.01458374,21.98846491,41.70074807,59.19065746,4.072688411,71.06608037,0.064495359,280.4848533,285.7119089,7.422521808,18.27705685,6.066643984,0.081,5.7416952368196,48.02668393677127,60.29164059
Japan,JPN,2011,13015,Asia & Pacific,1170.885982,2.514166435,0.239793584,55.39776158,465.7153821,10.94294404,26.10245701,187.921,169.415,3.517001398,129.7098593,0.095376973,1110.734,1011.722,178.9212942,2.987393921,0.629,1.195,19.498571617762803,60.04983364696041,13.930337961
Japan,JPN,2012,24000,Asia & Pacific,1211.005339,2.656820721,0.244356547,32.33593562,455.8099572,10.5306167,26.1836229,189.827,168.975,3.177001868,134.6619715,0.091973292,1098.91,1006.624,187.2876239,3.179696244,0.582,1.247,19.0838512880496,63.457072721916326,13.710312944
Japan,JPN,2013,29000,Asia & Pacific,1214.842765,2.661115033,0.240323744,31.74966277,456.5164414,11.31430621,26.00445576,185.893,171.204,2.939997938,118.3511429,0.090309416,1104.248,1005.233,198.7168277,3.841618912,0.515,1.251,19.1134303685352,63.55964060746999,15.155925122
Japan,JPN,2014,32000,Asia & Pacific,1173.765611,2.658187089,0.231330899,29.98963356,441.5662147,12.82921974,26.32017361,175.492,161.58,2.859001559,119.277901,0.087025815,1076.067,988.673,196.9103966,4.821725785,0.485,1.318,18.4874942770596,63.489707875473385,17.650945524999997
Japan,JPN,2015,24000,Asia & Pacific,1138.17387,2.620845961,0.221606253,33.81131152,434.2772857,14.7340205,26.01923032,171.641,162.375,2.827002709,113.5810659,0.084555237,1058.747,964.661,194.7289066,6.013240179,0.447,1.265,18.182321397687602,62.597830337811054,20.747260679
Japan,JPN,2016,24400,Asia & Pacific,1128.209721,2.629432589,0.218336328,36.7730563,429.0696504,14.78333997,26.39193256,167.67,162.95,2.911997056,115.792039,0.08303553,1061.871,965.085,192.9616179,7.061780574,0.423,1.288,17.964288122947202,62.80291839445887,21.845120544
Japan,JPN,2017,54000,Asia & Pacific,1110.352355,2.560378186,0.210814391,42.9221661,433.6673236,16.49819814,26.5877461,165.330717,157.419159,2.931693503,113.2320812,0.082337208,1071.201688,980.18619,193.8804514,7.907195438,0.420176,1.327897,18.1567835044848,61.15358233608604,24.405393577999998
Japan,JPN,2018,50000,Asia & Pacific,1066.54488,2.493982956,0.20091288,51.97365831,427.6472211,17.42295647,26.90188328,156.594937,151.120228,2.479809919,108.2113632,0.080559043,1057.753294,960.894325,188.4667338,8.673196153,0.381955,1.327897,17.9047338530148,59.56775949620804,26.096152623
Japan,JPN,2019,39000,Asia & Pacific,1044.377852,2.508189469,0.195425807,53.19041543,416.3871449,18.32390532,26.42647958,152.1312986,151.4338554,2.282876216,103.0544052,0.077915089,1015.01851,934.0603025,185.941748,9.79148127,0.400382654,0.981672663,17.433296982673202,59.907076271229585,28.11538659
Japan,JPN,2020,30000,Asia & Pacific,979.3774382,2.535146384,0.192502958,50.18306864,386.3198766,20.22647471,27.76789231,139.4396408,126.2045762,2.010796758,99.86271495,0.075933666,1011.455287,905.4159398,171.0008298,10.69373875,0.392006447,0.943672431,16.1744405934888,60.550931115,30.92021346
Mexico,MEX,2015,99,South/Latin America,451.2800472,2.439898757,0.202534487,189.6504295,184.9585135,15.27813538,18.27744692,83.583,61.316,41.56001009,77.83197334,0.083009382,310.712,261.85,24.45,4.929001777,126.602,10.677,7.743843043218001,58.275980631506684,20.207137157
Mexico,MEX,2016,770,South/Latin America,457.2779574,2.472855944,0.199422077,180.4634872,184.9189632,15.33172783,18.84723649,85.966,54.815,36.69903466,80.26803466,0.080644438,320.564,274.21,21.505,5.300033691,120.484,12.567,7.742187151257601,59.063149529486914,20.631761521
Mexico,MEX,2017,1200,South/Latin America,456.3071316,2.533375891,0.194871162,164.8800866,180.1182104,15.99057452,18.87446288,84.081,48.164,31.56698519,81.50806388,0.076921535,322.062337,275.859317,21.69,5.425135445,108.977,11.776,7.541189233027201,60.50864359716221,21.415709964999998
Mexico,MEX,2018,1800,South/Latin America,458.4886023,2.537811785,0.191707981,158.1682704,180.6629652,16.29880084,19.31511501,83.293489,38.861,30.61997563,84.60537031,0.075540662,335.582817,286.959745,20.559085,5.964115558,102.113,12.24198,7.563997026993601,60.61459313955226,22.262916397999998
Mexico,MEX,2019,1690,South/Latin America,441.3963095,2.509922327,0.185123952,148.4270384,175.8605455,17.02234726,19.96269798,77.28905517,38.11971449,29.57495248,85.59355684,0.073756845,331.1837422,282.4557655,20.53632861,8.995751491,94.7227107,10.122634,7.362929318994,59.94846485370147,26.018098751
Mexico,MEX,2020,3800,South/Latin America,370.5165341,2.450582313,0.169832348,147.0887728,151.1953025,20.47945821,22.20896541,63.81913182,37.78713887,29.31942139,77.662479,0.069302854,321.9124172,274.1410957,13.51409989,11.23132438,94.97750527,6.709131858,6.330244925070001,58.53115297839803,31.71078259
Netherlands,NLD,2011,877,Europe,178.5152631,2.31872367,0.214130645,66.44797373,76.98858879,10.81247093,15.0142575,24.133,56.954,83.38199477,49.17301059,0.092348497,113.961,112.958,11.938,4.697220979,1.594,0.0,3.22335823545972,55.38176338459008,15.509691909
Netherlands,NLD,2012,5090,Europe,176.7764593,2.293940827,0.214252493,66.11126021,77.06234494,12.08795467,14.36255131,24.52,56.639,82.06888588,47.21403033,0.093399311,103.235,108.902,13.12796839,5.152322371,1.642,0.0,3.2264462579479205,54.78983536903326,17.240277041
Netherlands,NLD,2013,22600,Europe,175.1920505,2.322515514,0.212608959,69.75549413,75.43202594,11.91183706,14.63770599,23.374,55.381,86.87189178,47.02998272,0.091542536,101.63,110.321,13.10506277,6.061202401,1.684,0.0,3.1581880620559204,55.472330037861425,17.973039461
Netherlands,NLD,2014,14700,Europe,168.3652878,2.368147191,0.201456636,60.27940223,71.0957868,11.27064447,15.38218192,22.641,56.579,72.45100333,41.45094334,0.085069305,103.357,107.291,14.616,6.451425641,2.032,0.0,2.9766384017424,56.56222391723697,17.722070111
Netherlands,NLD,2015,15400,Europe,175.5219437,2.435003232,0.205984314,47.89269633,72.0828381,12.39807936,15.44573138,23.389,59.091,55.04304242,41.02009046,0.084593035,110.38,109.928,17.87503161,7.979706469,2.006,0.0,3.0179642655708,58.15905300880122,20.377785829
Netherlands,NLD,2016,43000,Europe,175.620781,2.386375286,0.201680056,46.02540092,73.59311088,12.82592091,15.38586145,24.239,60.097,53.1389887,42.12205562,0.084513135,115.212,111.445,16.424,8.601534562,1.569,0.0,3.08119636632384,56.997594479683315,21.427455472
Netherlands,NLD,2017,26000,Europe,173.6254541,2.338409994,0.193748815,41.67293438,74.24936369,14.86953513,15.21380087,24.8131,59.66424,46.22876374,43.54567728,0.082854938,117.263249,112.273784,14.717435,11.00307992,1.470182,0.0,3.10867235897292,55.85196316969358,25.87261505
Netherlands,NLD,2018,27600,Europe,166.9314535,2.288377423,0.18156296,36.43734636,72.94751814,16.49742225,15.61553417,24.633647,60.915771,38.75246331,42.58923231,0.079341353,114.468277,114.036007,13.07474904,12.54511588,1.479506,0.0,3.05416668948552,54.65695571714846,29.04253813
Netherlands,NLD,2019,66500,Europe,160.3904054,2.237854144,0.171532537,33.33431209,71.6715188,18.02251433,15.82936333,23.48875344,61.90294751,33.68710459,44.3703087,0.076650454,121.3582937,113.5656028,10.10643303,13.82130588,1.112132047,0.0,3.0007431491184002,53.45022797006858,31.84382021
Netherlands,NLD,2020,87000,Europe,151.4607859,2.16587188,0.168907808,28.14649781,69.93063038,24.78119222,15.91978711,22.62727425,55.37073622,24.16524042,43.53553202,0.077986057,122.6765121,111.4018379,6.326573461,18.88679406,1.036054608,0.0,2.92785563274984,51.73096111905904,43.66798628
New Zealand,NZL,2011,15,Asia & Pacific,29.28293164,1.587759578,0.191541547,16.25561203,18.44292552,76.09601225,25.99977388,5.998,5.518,4.358999206,4.324995299,0.120636367,44.411,40.342,2.982329476,18.30852717,2.275,4.959,0.77216840567136,37.9229860026972,94.40453942
New Zealand,NZL,2012,27,Asia & Pacific,31.11260853,1.60552241,0.19907817,16.21229566,19.37849533,71.80976051,25.38400068,5.96,5.743,4.647994044,4.505002432,0.123995884,44.26,39.88,3.527751184,18.793493,2.032,4.922,0.8113388424764401,38.34724396410672,90.60325351
New Zealand,NZL,2013,36,Asia & Pacific,31.25057787,1.603215192,0.194940515,16.30506808,19.4924412,74.21219337,24.40997095,6.04,5.519,4.790999007,4.806998888,0.12159348,43.253,39.496,3.108098914,19.68187178,1.779,4.625,0.8161095281616,38.292137013026014,93.89406514999999
New Zealand,NZL,2014,320,Asia & Pacific,31.8993602,1.552592584,0.191859021,17.07128698,20.54586666,79.13776471,23.13276855,6.189,5.418,5.240999137,5.368994119,0.123573321,43.538,39.862,3.15813898,21.96931416,1.989,3.985,0.8602143453208801,37.08303677277178,101.10707887
New Zealand,NZL,2015,500,Asia & Pacific,31.66858709,1.523132935,0.183879497,16.71219679,20.79174205,80.08095152,23.56545709,6.332,5.809,4.954003766,5.059997733,0.120724523,44.224,40.422,2.947659474,23.30634949,2.061,3.391,0.8705086561494001,36.37940515156108,103.38730101
New Zealand,NZL,2016,1540,Asia & Pacific,31.22167353,1.51900974,0.174907767,16.20230524,20.55396534,84.23569794,22.70364621,6.475,5.695,5.066005241,5.063005224,0.115145915,43.7,39.781,2.515598454,23.597254,1.752,2.866,0.8605534208551201,36.28092431376945,107.83295193999999
New Zealand,NZL,2017,3440,Asia & Pacific,32.73300921,1.582650948,0.177811692,15.99553256,20.6823932,81.118623,22.33064831,6.728383,5.524,4.990002695,5.169250963,0.112350542,44.192333,39.662983,2.631710627,22.89686992,1.585,2.918563,0.8659304384976001,37.80096847824424,104.01549292
New Zealand,NZL,2018,5600,Asia & Pacific,32.15683529,1.573505875,0.169967636,15.44902598,20.4364253,83.37565791,22.72086175,6.778742,5.514,4.408000635,4.582995309,0.108018431,44.380042,39.543334,2.621948481,22.93871196,1.259,3.238599,0.8556322544604,37.58254217552789,106.31436987000001
New Zealand,NZL,2019,6900,Asia & Pacific,32.08372255,1.547578401,0.165896629,15.6818005,20.73156521,81.68117893,22.26833096,6.977299376,5.65190828,4.728642153,4.926470739,0.10719756,44.78113204,39.74586266,2.9715604,23.34683981,1.300614483,3.041308776,0.86798917221228,36.96327509273748,105.02801874
New Zealand,NZL,2020,5400,Asia & Pacific,30.00430431,1.443832242,0.170301312,15.19973315,20.78101834,80.02988022,23.4529158,6.40762349,4.026153742,4.65115916,4.880874467,0.1179509,44.15034355,38.92924493,2.812770447,23.91162611,1.118213757,2.825487916,0.87005967585912,34.4853406524937,103.94150633
Norway,NOR,2012,4220,Europe,38.79802529,1.25936418,0.130085072,203.5066301,30.80762969,97.98256842,45.62916382,8.766,16.148,119.164066,5.824999596,0.103294245,147.663,118.356,1.132,1.048333029,87.648,1.229,1.28985383986092,30.079396665736514,99.03090144900001
Norway,NOR,2013,8240,Europe,38.63947831,1.177230416,0.128227517,194.6825022,32.82235813,97.69079301,45.79661391,8.638,17.02,113.154913,5.765995846,0.108923041,134.072,119.094,1.136031612,1.402977505,83.452,1.855,1.37420649018684,28.117665420679607,99.09377051499999
Norway,NOR,2014,21700,Europe,38.91276321,1.34380393,0.126640196,196.8694082,28.95717326,97.66852152,45.92509678,8.472,15.656,112.8770694,6.183006808,0.094240084,141.97,116.57,1.157968388,1.561597521,84.262,1.675,1.2123789300496801,32.096205439998414,99.230119041
Norway,NOR,2015,33900,Europe,39.12605497,1.323291268,0.124877839,207.5631308,29.56722827,97.69969421,46.45376061,8.513,16.623,121.2779403,6.414995592,0.094369125,144.546,119.526,1.13,1.739930541,87.821,1.106,1.23792071320836,31.606268925410987,99.43962475100001
Norway,NOR,2016,45000,Europe,38.16702676,1.337567288,0.120525427,210.0416821,28.53465922,97.80196186,47.17935171,8.272,13.1,120.5980104,6.183995431,0.090107935,149.042,122.263,1.16,1.419734035,90.184,0.818,1.1946891122229601,31.947245831162338,99.22169589500001
Norway,NOR,2017,62000,Europe,37.81679779,1.258167528,0.11670803,215.8394255,30.05704484,97.82245116,47.11958389,7.971,16.621,128.2161065,6.44800571,0.092760326,149.48,122.988,1.213,1.909285523,88.985,0.131,1.25842835336112,30.050815121095773,99.731736683
Norway,NOR,2018,73000,Europe,38.02828857,1.322138219,0.115866565,206.9635729,28.76271786,97.75367921,47.48975442,8.224207,17.694478,125.8093686,6.500283928,0.087635743,146.890774,126.144508,1.184854388,2.640191684,83.797,0.150354,1.20423747136248,31.578728842389047,100.393870894
Norway,NOR,2019,79000,Europe,38.12419578,1.355011561,0.114832465,196.0882389,28.1356978,97.67128203,47.39331372,7.786006878,16.32764089,118.7678552,6.745118418,0.084746484,134.7447472,125.2394978,1.147754036,4.108691774,79.64069135,0.12128556,1.1779853954904,32.363895109352136,101.77997380400001
Norway,NOR,2020,106000,Europe,34.9226261,1.289324685,0.111903337,210.4639157,27.08598268,98.37086423,48.22904006,7.200199215,14.75753664,115.9307121,6.134857449,0.086792209,154.2989061,123.3995462,1.156951871,6.41640171,94.63268754,0.070429087,1.13403592284624,30.79499105491303,104.78726594
Poland,POL,2010,16,Europe,318.0202539,3.156120353,0.361838345,67.38822237,100.7630313,7.266407454,14.48481208,24.52,23.563,6.079007243,17.1550177,0.114646561,157.657,129.424,133.5009705,1.05989585,1.043,133.238,4.2187465944684,75.38263955388707,8.326303304
Poland,POL,2012,48,Europe,307.625161,3.136346747,0.328014904,71.73951744,98.08391285,10.67417463,15.33991356,22.907,25.625,6.317004164,18.09698572,0.104585025,162.139,133.278,135.2258456,2.933285638,1.092,144.093,4.106577263203801,74.91035509216309,13.607460268
Poland,POL,2013,37,Europe,304.7768354,3.103978672,0.320516544,71.48729844,98.18908814,10.70907765,15.76655086,21.461,24.893,6.205994117,18.22897778,0.103259905,164.58,134.481,136.882,3.65354235,1.501,142.866,4.11098074224552,74.13725690028976,14.36262
Poland,POL,2014,201,Europe,291.7762098,3.082869091,0.296989094,67.90238683,94.64437223,12.82165737,16.3553075,21.405,24.812,6.080010382,17.65798497,0.096335292,159.059,136.308,130.475,4.835312683,1.493,137.148,3.9625705765256405,73.6330632263029,17.656970053000002
Poland,POL,2015,220,Europe,296.0080193,3.097809091,0.290157169,68.52334038,95.55399014,14.11751867,16.34785924,23.086,27.486,6.077996623,18.20201713,0.093665284,164.944,138.927,129.098,6.622853817,1.557,135.814,4.00065445918152,73.98989898281773,20.740372487000002
Poland,POL,2016,510,Europe,306.6235643,3.071659172,0.291627684,67.24783384,99.82343324,13.97605545,15.98650607,25.319,27.016,5.793996081,19.02198637,0.09494142,166.635,143.764,128.173,7.634650584,1.601,131.029,4.17940750289232,73.36531890891328,21.610706034
Poland,POL,2017,1080,Europe,319.4739849,3.058677371,0.289552508,64.87522543,104.448409,14.42900256,15.36853007,28.383133,26.691728,5.746653687,20.07665532,0.09466592,170.465352,146.425464,129.670746,8.847547506,1.581141,127.135766,4.3730459880120005,73.05525388385723,23.276550066
Poland,POL,2018,1380,Europe,320.1513036,3.007035324,0.275959922,63.05235712,106.4674236,12.95851908,15.74637672,28.894769,28.214812,5.678209813,20.290675,0.091771427,170.039461,151.402779,126.717743,7.738687786,1.652761,122.427868,4.4575780912848,71.82180481054081,20.697206866000002
Poland,POL,2019,2700,Europe,301.8927163,2.919734879,0.249015903,60.00850193,103.3973045,14.47815449,15.81745401,29.42340844,28.43539825,5.60946239,20.86452105,0.085287163,163.9904446,149.9139832,112.7901542,9.68166482,1.59221431,112.4088788,4.329038344806,69.73666949894594,24.15981931
Poland,POL,2020,8200,Europe,278.032797,2.85246813,0.235941433,55.37955584,97.4709565,16.67080675,15.93095388,28.66436728,26.69068828,5.534141826,21.53196838,0.082714836,157.5503825,144.6542972,99.767189,11.21195823,1.5222327,100.7725952,4.080914006742001,68.13003080698768,27.88276498
Portugal,PRT,2011,172,Europe,48.0000851,2.101856701,0.152331307,5.520699395,22.83699221,47.06173875,22.9078916,10.322,10.82,,5.1839987,0.07247464,52.463,49.114,3.721,18.39582182,0.0,0.0,0.95613918984828,50.20198482567862,65.45756057
Portugal,PRT,2012,84,Europe,46.50466338,2.167998197,0.153826693,4.716862725,21.45050832,43.78204441,24.26184645,9.14,11.673,,4.490004125,0.07095333,46.615,47.11,4.865,23.16421753,0.016,0.0,0.8980898823417601,51.78174734441899,66.94626194
Portugal,PRT,2013,185,Europe,45.09032359,2.09085625,0.150537307,5.821121779,21.56548237,59.23789987,23.98504237,9.183,13.941,,4.263996923,0.071997923,51.673,46.273,4.438,24.55827995,0.076,0.0,0.9029036158671602,49.939243566650994,83.79617981999999
Portugal,PRT,2014,288,Europe,44.17822416,2.080464911,0.14633296,6.045745408,21.23478455,61.36772532,24.01079942,9.027,12.662,,4.079001377,0.070336663,52.803,46.139,4.529,24.51186486,0.072,0.0,0.8890579595394,49.691050719446565,85.87959018
Portugal,PRT,2015,1100,Europe,48.22857772,2.189332714,0.156936699,5.368086938,22.02889374,48.66653949,24.25639315,9.124,15.092,,4.735976476,0.071682435,52.42,46.849,5.513,24.04998092,0.07,0.0,0.9223057231063201,52.29131351106273,72.71652041
Portugal,PRT,2016,1800,Europe,47.63142417,2.178333607,0.151925439,6.06593469,21.86599151,55.52387741,24.69820819,9.039,14.915,,5.049004078,0.06974388,60.329,47.36,4.811,22.40381906,0.071,0.281,0.9154853325406801,52.02860436639871,77.92769647
Portugal,PRT,2017,4400,Europe,51.99430623,2.276821554,0.160223327,5.287093595,22.83635541,40.90052179,24.40326573,9.151641,15.477508,,6.282251226,0.070371491,59.431721,47.660588,5.453806,22.64121545,0.070827,0.27,0.95611252830588,54.38094857111417,63.54173724
Portugal,PRT,2018,8200,Europe,48.12654262,2.180736428,0.144770368,5.935758708,22.06894057,51.37321482,25.44853329,8.59659,13.795726,,5.728976344,0.066386,59.636081,48.897005,4.552338,23.22900293,0.06538,0.221,0.92398240378476,52.0859947363359,74.60221775
Portugal,PRT,2019,12600,Europe,44.52823965,2.053416777,0.131107762,5.747946086,21.68494977,54.12277252,24.00536603,9.255615958,13.08160137,,6.007052962,0.063848588,52.95584094,48.17622511,2.115979484,28.94146221,0.066,0.197,0.9079054769703601,49.04501710749532,83.06423473
Portugal,PRT,2020,19800,Europe,38.90538033,1.943811809,0.123973988,6.149069422,20.0149933,59.70064134,24.43401699,8.193063469,11.57070696,,5.966754776,0.063778802,53.09929117,45.99130983,0.960874894,26.80374199,0.066625879,0.147,0.8379877394844001,46.427147435280894,86.50438333
South Korea,KOR,2015,3350,Asia & Pacific,638.4330924,2.255891786,0.34995445,61.73565397,283.006967,2.585865311,21.99253813,97.743,140.348,0.187999981,44.32197376,0.155129095,552.697,506.645,135.0120586,1.249147363,0.658,1.764,11.848935694356,53.88104964601206,3.835012674
South Korea,KOR,2016,5030,Asia & Pacific,655.9002989,2.235905436,0.349297052,62.37674426,293.3488547,3.496426432,22.28010016,102.239,146.377,0.153999909,47.02404469,0.156221746,562.603,530.142,134.9580312,1.501236218,0.689,1.726,12.281929848579601,53.403683866168194,4.99766265
South Korea,KOR,2017,14670,Asia & Pacific,665.3422564,2.25504582,0.343795663,61.89858198,295.0460033,4.023300737,21.84219998,102.942633,153.462,0.340487889,48.75451383,0.152456176,566.879572,538.384461,138.4664083,1.972903691,0.718,1.486,12.3529860661644,53.86084407740198,5.9962044279999995
South Korea,KOR,2018,59400,Asia & Pacific,667.3758962,2.256103807,0.335884053,58.80191498,295.8090377,4.564731445,22.20875938,99.990798,158.507,0.291197008,54.11191938,0.148877925,590.111167,545.483938,139.010125,2.359433235,0.774,1.14,12.3849327904236,53.886113674838434,6.92416468
South Korea,KOR,2019,35700,Asia & Pacific,608.4214248,2.079728456,0.300093903,62.12397669,292.5484926,5.343168389,22.26020647,99.685347,157.4790143,0.246397468,52.45599355,0.144294753,582.2447003,538.3705905,131.0825141,3.161424809,0.634761905,1.0298,12.2484202881768,49.67346077986067,8.504593198
South Korea,KOR,2020,39700,Asia & Pacific,569.7679483,2.015087861,0.283867383,67.11643754,282.7509208,7.073798163,22.68485701,93.92685555,145.9620898,0.176709296,53.03057678,0.140870971,570.9987655,525.5302655,114.8577182,5.15932276,0.421809524,0.96805,11.838215552054402,48.129546703609606,12.233120923000001
Spain,ESP,2011,398,Europe,270.3435999,2.160608587,0.167874928,31.78499822,125.12382,30.57271301,23.38601375,53.664,56.512,0.05199997,33.25002409,0.077697982,293.847,248.835,24.694,17.86235694,0.1,9.445,5.23868409576,51.60524951653532,48.43506995
Spain,ESP,2012,540,Europe,265.4876967,2.134423406,0.169887278,32.79816639,124.3838012,30.44068571,24.21304014,49.451,61.235,0.061000005,32.39702623,0.079593991,297.559,245.503,28.449,20.70681781,0.142,8.43,5.2077009886416,50.97982723644259,51.14750352
Spain,ESP,2013,882,Europe,238.2793195,2.056809703,0.154696975,33.89817063,115.8489865,40.46899671,24.18993293,46.751,60.322,0.056999953,29.62799524,0.075212099,285.631,235.181,21.149,24.06671545,0.368,6.621,4.850365366782,49.12605576723546,64.53571216
Spain,ESP,2014,1730,Europe,236.0035556,2.084839195,0.151128018,34.22779213,113.1998843,40.92197309,24.5660087,45.417,60.201,0.02400002,27.23100414,0.072489053,278.75,233.306,23.078,23.5644843,0.305,6.181,4.7394527558724,49.795528673132296,64.48645739
Spain,ESP,2015,2080,Europe,251.6995005,2.142513684,0.155225943,32.70147015,117.4785965,35.71095472,24.75593156,47.863,64.74,0.062000069,28.20301034,0.072450386,280.911,238.545,26.058,22.5694259,0.232,4.368,4.9185938782620005,51.173060173233644,58.280380619999995
Spain,ESP,2016,3500,Europe,242.8458638,2.049766126,0.145359519,33.28918763,118.4749132,39.34243664,24.12162161,49.491,64.77,0.054000019,28.76099176,0.070915173,274.772,239.821,19.822,22.80290568,0.141,3.899,4.9603076658576,48.95782281239076,62.14534232
Spain,ESP,2017,7400,Europe,258.2111175,2.07142524,0.150212846,32.69578316,124.6538434,32.88482044,24.24550122,49.867,65.819,0.027000024,31.12896371,0.072516663,275.726,246.542,24.063,23.07181767,0.12,3.064,5.2190071154712,49.47514187795609,55.95663811
Spain,ESP,2018,11600,Europe,253.4278891,2.039852382,0.14404375,33.17250299,124.2383476,38.7514028,23.60658408,50.516,68.112,0.087000035,30.95700234,0.070614791,274.452,245.769,20.88,23.22227566,0.087,1.8,5.2016111373168,48.721037080585816,61.97367846
Spain,ESP,2019,17400,Europe,237.1269055,1.965245932,0.132165655,33.14006782,120.6601686,37.63363448,23.538746,50.41469778,65.74689542,0.130306089,35.31751037,0.067251459,274.2909761,241.8438621,8.790862721,25.8282673,0.040249164,2.977,5.051799938944801,46.939092673082,63.46190178
Spain,ESP,2020,42000,Europe,191.1271663,1.788191723,0.119693397,33.74636091,106.8829275,43.91544261,25.31021098,41.06094412,56.0058887,0.05224639,31.82116585,0.066935439,264.1226454,227.8493054,3.826858929,29.11508021,0.027538849,2.401,4.47497440857,42.7102255454184,73.03052282
Sweden,SWE,2012,930,Europe,42.02155949,0.839083074,0.09496508,35.5853915,50.08033265,59.09846843,32.38758399,11.048,21.409,,1.178001246,0.113177209,166.561,132.116,3.530678422,4.312534147,0.0,0.472,2.0967633673902,20.041154926463353,63.411002577
Sweden,SWE,2013,1530,Europe,40.56261585,0.823268353,0.090681532,34.59013052,49.27022361,54.0740112,32.31860252,10.701,17.584,,1.077000602,0.110148206,153.166,129.341,3.565697409,6.44855908,0.0,0.624,2.0628457221034804,19.66342679695812,60.522570280000004
Sweden,SWE,2014,4600,Europe,39.24044525,0.816536155,0.08538006,34.27982953,48.05720481,55.86901206,32.35990338,10.465,19.799,,0.919999132,0.104563722,153.663,126.845,3.248284415,7.342040699,0.0,0.45,2.01205905098508,19.50263101412871,63.211052759000005
Sweden,SWE,2015,8700,Europe,38.95830021,0.878187454,0.08117747,33.80781441,44.36216897,63.3037653,32.691853,10.189,21.367,,0.964000308,0.09243752,162.112,129.275,3.176323945,10.12818298,0.0,0.369,1.85735529043596,20.975146979475138,73.43194828
Sweden,SWE,2016,12900,Europe,39.03062649,0.817503444,0.079411936,34.75709504,47.7436845,57.20530735,32.6093819,10.348,21.211,,0.921000655,0.097139574,156.01,132.057,3.140062471,10.01346068,0.003,0.424,1.998932582646,19.525734298820076,67.21876802999999
Sweden,SWE,2017,20400,Europe,39.05641306,0.796235121,0.077592975,35.99779206,49.05135683,57.8891933,32.19072718,10.209637,21.132,,1.141000431,0.097449827,164.25,132.003,3.119479376,10.8608828,0.002,0.377,2.0536822077584405,19.01774914952855,68.7500761
Sweden,SWE,2018,29100,Europe,36.58645176,0.735611925,0.071103701,36.30087412,49.73607759,55.80966952,32.8709997,9.131632,21.649,,1.223001359,0.096659255,163.4,131.859,3.225051895,10.42227662,0.001,0.535,2.08235009653812,17.56978897104022,66.23194614
Sweden,SWE,2019,41000,Europe,36.07282437,0.738465485,0.069232474,36.80445317,48.84835528,58.511529,32.60167633,8.826891781,16.75536141,,1.215067862,0.093751807,169.1077608,128.3168126,3.062210605,12.14440445,0.005,0.535,2.0451829388630403,17.637945087716034,70.65593345
Sweden,SWE,2020,94000,Europe,32.2022888,0.687893043,0.063649825,32.86651908,46.8129299,68.40278071,32.74191651,7.930607086,18.43099921,,1.253523343,0.092528665,163.6837354,123.4699071,2.688657805,17.30028741,0.004,0.535,1.9599637490532,16.43004306358011,85.70306812
Turkey,TUR,2014,68,Europe,316.3185021,2.653461351,0.166754001,29.04959482,119.2097642,20.88759064,20.1304323,32.006,21.876,0.478999885,48.72597911,0.062843953,251.963,207.375,96.829,4.460575561,2.667,65.237,4.9910744075256,63.37683558134322,25.348166200999998
Turkey,TUR,2015,230,Europe,329.0166396,2.548620063,0.163497803,31.94342786,129.0959937,31.95700256,19.294203,37.274,29.234,0.381000152,48.06201044,0.064151501,261.783,217.313,92.605,6.022545391,2.933,58.414,5.4049910642316,60.87274441160887,37.979547951
Turkey,TUR,2016,127,Europe,349.2837109,2.551896549,0.168213458,36.25553469,136.8722063,32.88716072,19.6732601,40.679,29.605,0.36700024,46.45297483,0.065917037,274.408,231.204,106.832,8.050785691,3.035,73.004,5.7305655333684,60.95100193273467,40.937946411
Turkey,TUR,2017,111,Europe,386.610889,2.630132342,0.173247006,37.05946144,146.9929413,29.34477953,19.77399898,43.053,31.94,0.353999854,53.98681342,0.065870072,297.277524,249.022646,112.416797,9.341077868,3.045,74.098171,6.154300466348401,62.81963175408497,38.685857397999996
Turkey,TUR,2018,235,Europe,383.4023183,2.655835389,0.167086042,40.53612564,144.3622296,32.07589097,20.92521748,40.965737,28.227,0.42799977,49.71426298,0.0629128,304.801884,258.232177,122.273446,11.85366164,3.368,83.936653,6.044157828892801,63.43353849352302,43.92955261
Turkey,TUR,2019,324,Europe,373.7179503,2.583479154,0.161385704,45.75502429,144.6568476,43.48071514,20.63183083,39.74308465,37.0700199,0.474662101,44.8325123,0.062468359,303.8979996,257.3513519,124.692514,13.52086846,3.716167336,87.08953861,6.0564928953168,61.70533950249961,57.001583600000004
Turkey,TUR,2020,1290,Europe,354.0661216,2.516209989,0.150195769,42.18182284,140.7140593,41.59850895,20.38216426,39.55224455,35.23285549,0.44184982,47.8920394,0.05969127,305.4318271,258.6363023,108.9670999,15.1177773,4.000688109,70.37662193,5.8914162347724,60.09864309199983,56.71628625
United Kingdom,GBR,2010,261,Europe,485.1839063,2.382855802,0.193704871,148.4936944,203.6144638,7.677107135,20.27795067,59.921,74.392,57.94104918,99.41197975,0.081291059,382.071,337.509,50.73197714,2.703162501,62.962,18.346,8.524930370378401,56.91353304020756,10.380269636
United Kingdom,GBR,2011,1207,Europe,446.0883968,2.362448965,0.175395034,129.8743451,188.8245644,10.3588743,21.44385897,57.397,75.947,46.36404567,82.68500729,0.074242888,367.984,325.918,50.53281954,4.404539328,51.972,18.552,7.905706862299201,56.42612413664235,14.763413628
United Kingdom,GBR,2012,2570,Europe,467.7704768,2.413088917,0.181239694,116.6799723,193.847178,12.15129205,21.01778842,56.65,72.578,39.64702729,77.62696424,0.075106927,363.879,325.483,63.79859346,5.82748661,44.56,16.967,8.115993648504,57.63563859937506,17.97877866
United Kingdom,GBR,2013,3700,Europe,455.1378508,2.382448197,0.172651279,109.545466,191.0378792,15.66301041,20.68378933,55.228,66.315,37.34997803,77.05707767,0.07246801,358.29,324.321,60.80425906,8.488096235,40.671,12.768,7.9983739263456,56.903797570758144,24.151106645
United Kingdom,GBR,2014,14500,Europe,414.5447849,2.303239217,0.153256639,107.9341371,179.9833824,19.93670512,20.98449843,55.138,61.521,38.76604614,70.72799217,0.06653961,338.1,310.807,48.91419979,10.65217391,39.965,11.647,7.5355442543232005,55.01192361283957,30.58887903
United Kingdom,GBR,2015,29000,Europe,402.429882,2.214325147,0.145353929,118.1408829,181.7392909,25.56166457,20.37978186,57.213,62.025,40.48002688,72.74107794,0.065642541,339.571,311.012,38.53195223,14.07952976,45.319,8.598,7.6090606314012,52.88824751103252,39.641194330000005
United Kingdom,GBR,2016,39000,Europe,379.2242828,2.122556804,0.13439439,119.9661782,178.6639029,25.50367755,20.20044715,58.659,61.03,41.69400436,81.44809246,0.063317217,339.9,311.296,18.84411487,13.9929391,47.445,4.178,7.480300286617201,50.69639830882989,39.49661665
United Kingdom,GBR,2017,49000,Europe,366.9947914,2.084092867,0.127645199,120.0367484,176.0933004,30.25290426,19.9939174,59.461746,60.952841,42.13810991,79.34450639,0.061247366,338.642304,306.79289,15.14665935,18.04638767,46.630331,3.041401,7.3726743011472005,49.777702962260925,48.29929193
United Kingdom,GBR,2018,62000,Europe,359.237295,2.050163228,0.123239354,123.0259188,175.2237529,33.98386402,19.84461516,58.026031,59.014871,40.8273415,80.02246325,0.060111972,333.424036,306.584397,12.84470041,20.92548901,50.870391,2.580922,7.3362680864172,48.96730746046661,54.90935303
United Kingdom,GBR,2019,75000,Europe,346.5840699,2.036000877,0.117184155,123.1236966,170.2278588,37.82347148,20.0268931,56.54137429,59.27809012,39.65269578,77.78100495,0.057556043,325.3935826,302.3100193,8.993369764,23.782826,51.81559471,2.431808443,7.127099992238401,48.629045513243696,61.60629748
United Kingdom,GBR,2020,178000,Europe,304.2234069,1.969618895,0.114163725,116.7495672,154.4580059,43.73747467,20.89598192,47.8472577,48.90908024,39.592291,72.94187209,0.057962342,313.3678381,286.021178,8.2486578,28.25458302,48.16391355,1.570234255,6.4668477910212,47.04353909835245,71.99205769
United States,USA,2011,17800,North America,5237.028202,2.389774174,0.315498328,1787.131047,2191.432253,12.6863937,22.21127832,728.558,806.803,648.7583311,692.9745379,0.132020143,4349.463,3885.019,910.229,3.42564128,346.534,1005.921,91.750885568604,57.07877552946525,16.11203498
United States,USA,2012,54000,North America,5047.417502,2.345081614,0.297385638,1820.98522,2152.341936,12.41296211,22.33966985,715.341,802.654,680.7953652,728.312803,0.12681249,4290.66,3830.933,806.927,4.063151124,395.624,932.274,90.11425217644799,56.01131208542814,16.476113234
United States,USA,2013,97000,North America,5150.895617,2.35180561,0.297993125,1878.56696,2190.187656,13.02858021,21.87661665,725.28,818.186,685.6771327,739.3527321,0.12670823,4306.371,3871.735,837.121,4.838482332,449.114,903.663,91.69877678140801,56.171911968670315,17.867062542
United States,USA,2014,118000,North America,5191.648859,2.342277703,0.293162543,2015.802848,2216.495872,13.37929407,21.67933919,730.677,842.903,733.4309937,750.4707305,0.125161309,4340.371,3895.216,830.644,5.361385006,524.415,918.197,92.800249168896,55.94434180398831,18.740679076
United States,USA,2015,114000,North America,5044.075416,2.300876688,0.276853451,2027.113489,2192.240655,13.63280806,21.72297561,744.44,860.248,766.524505,767.0698025,0.120325202,4317.159,3895.365,721.973,5.857370553,566.84,813.69,91.78473174354001,54.95549554030278,19.490178613
United States,USA,2016,160000,North America,4948.92393,2.282195686,0.267439532,1920.069185,2168.492369,15.25944473,21.839218,747.401,869.578,755.2632818,776.6617695,0.117185189,4322.038,3922.011,663.272,7.032955286,545.239,660.76,90.790438505292,54.509307493999344,22.292400016000002
United States,USA,2017,194000,North America,4890.655983,2.263182212,0.258558468,1998.078309,2160.964308,17.28541849,21.4296291,745.217102,883.330887,773.3006665,769.7507295,0.114245537,4286.428741,3886.956078,650.319,8.221274802,575.222992,702.715,90.475253647344,54.055178469715955,25.506693292
United States,USA,2018,360000,North America,5055.83267,2.260882485,0.259689067,2177.940569,2236.220902,17.16288286,21.27065818,762.800127,908.397596,866.4732565,855.9696803,0.114861816,4455.438712,4042.840012,624.733,8.642579057,671.940182,685.983,93.626096724936,54.00025043074822,25.805461917000002
United States,USA,2019,325000,North America,4932.637347,2.228276776,0.24800191,2304.593149,2213.655592,17.85274653,20.98589882,763.9529548,897.2473041,958.5043764,882.6370834,0.111297624,4400.634477,3996.108509,532.5208639,9.497574851,748.1924429,640.752594,92.681332325856,53.22147646364709,27.350321381
United States,USA,2020,294000,North America,4404.709314,2.153144811,0.229491064,2190.194556,2045.709741,19.79598008,22.02362155,673.5117541,769.4140369,959.8498485,870.791798,0.106584129,4262.456146,3842.156882,419.2200095,11.16613153,722.4244375,488.4845226,85.649775436188,51.42698029934309,30.96211161
